archivo;ID;tipo;amplitude_to_db;loudness;mfcc;psd;spectral_centroid;spectrogram
ID025_15-12-2021_5.wav;ID025;5;-59.33889;-38.635727;-22.474861;0.075153716;907.9646;0.017570917
ID026_15-12-2021_5.wav;ID026;5;-59.94461;-20.493288;-17.240654;2.404932;1067.7424;0.4223727
ID027_01-12-2021_5.wav;ID027;5;-65.3535;-17.588757;-14.9535475;2.061298;3413.7354;0.4046233
ID032_02-12-2021_5.wav;ID032;5;-54.00357;-15.91638;-14.596515;3.8778763;2836.4705;0.7482505
ID044_01-12-2021_5.wav;ID044;5;-59.33362;-16.306627;-14.898925;3.3551743;3807.0164;0.66186875
ID101_25-10-2022_5.wav;ID101;5;-65.81795;-65.97191;-27.344793;0.00012947262;6923.1226;2.2931183e-05
ID104_25-10-2022_5.wav;ID104;5;-59.320618;-14.85497;-14.199228;6.220816;2150.8926;1.2430378
ID105_25-10-2022_5.wav;ID105;5;-52.196934;-15.923425;-14.538852;4.6801186;2949.8674;0.92407095
ID106_25-10-2022_5.wav;ID106;5;-59.24964;-15.996108;-15.28428;3.7481415;2309.844;0.74632
ID107_25-10-2022_5.wav;ID107;5;-53.651306;-23.705324;-16.474653;1.2771207;2579.246;0.24696904
ID108_25-10-2022_5.wav;ID108;5;-59.075775;-34.966766;-18.282848;0.20917243;2610.4463;0.037386987
ID109_25-10-2022_5.wav;ID109;5;-52.825615;-13.846401;-14.12252;7.355405;2610.1313;1.4452473
ID110_25-10-2022_5.wav;ID110;5;-53.29784;-15.138564;-14.427899;6.6737986;nan;1.3291368
ID111_26-10-2022_5.wav;ID111;5;-57.977604;-14.517031;-14.802595;3.9332502;nan;0.7741567
ID112_26-10-2022_5.wav;ID112;5;-57.051632;-17.779524;-13.810857;5.2008348;nan;0.98183405
ID113_26-10-2022_5.wav;ID113;5;-45.74249;-12.182042;-14.837093;31.371347;1056.6846;6.097264
ID114_26-10-2022_5.wav;ID114;5;-50.709747;-12.983701;-14.197652;11.202016;nan;2.191732
ID115_26-10-2022_5.wav;ID115;5;-63.852825;-15.540044;-14.568021;2.937971;2552.1519;0.5653017
ID116_26-10-2022_5.wav;ID116;5;-66.098045;-30.64953;-17.772587;0.4646136;nan;0.09266938
ID117_26-10-2022_5.wav;ID117;5;-60.78499;-35.38536;-18.144682;0.2369851;2715.998;0.04188326
ID118_26-10-2022_5.wav;ID118;5;-55.80948;-17.851166;-14.589903;5.4585485;2255.975;1.041823
ID119_26-10-2022_5.wav;ID119;5;-43.812855;-14.883711;-14.988903;11.204958;1987.0427;2.200208
ID120_26-10-2022_5.wav;ID120;5;-61.158474;-30.001238;-17.034458;0.34394345;nan;0.06347531
ID121_26-10-2022_5.wav;ID121;5;-55.26956;-14.2277;-14.114395;6.9117064;2630.0117;1.3874527
ID123_26-10-2022_5.wav;ID123;5;-55.445347;-12.791339;-13.960017;6.3940444;2947.0505;1.2575543
ID124_26-10-2022_5.wav;ID124;5;-48.151993;-12.245016;-13.573497;15.870287;2257.3875;3.0780346
ID130_16-2-2023_5.wav;ID130;5;-59.55945;-25.52296;-17.363234;0.5088268;nan;0.10300933
ID131_17-2-2023_5.wav;ID131;5;-58.205605;-19.872541;-15.528022;0.9463438;nan;0.18714847
ID132_17-2-2023_5.wav;ID132;5;-60.331993;-29.00926;-17.485613;0.13236958;nan;0.025794348
ID133_17-2-2023_5.wav;ID133;5;-45.243767;-19.992022;-16.205349;0.83649015;4477.1436;0.16299935
ID150_16-2-2023_5.wav;ID150;5;-58.78191;-24.561611;-17.396746;0.39139676;nan;0.07766284
ID151_16-2-2023_5.wav;ID151;5;-59.09692;-29.58289;-19.320679;0.122546434;nan;0.024324616
ID152_17-2-2023_5.wav;ID152;5;-57.59222;-17.267212;-16.15866;2.241399;nan;0.44115987
ID153_17-2-2023_5.wav;ID153;5;-58.098145;-20.270218;-15.912908;1.8802536;nan;0.36111745
ID154_17-2-2023_5.wav;ID154;5;-61.337376;-31.275726;-18.928204;0.099035166;nan;0.019361915
ID155_17-2-2023_5.wav;ID155;5;-59.128242;-24.355791;-17.18562;0.2858368;nan;0.055707283
ID156_17-2-2023_5.wav;ID156;5;-50.68958;-20.053093;-16.232908;0.81650513;4704.7983;0.15969577
ID157_17-2-2023_5.wav;ID157;5;-49.33656;-21.315409;-15.7046585;0.94317216;4263.221;0.19192418
ID158_17-2-2023_5.wav;ID158;5;-51.049088;-22.446482;-15.72734;0.40943986;5007.122;0.08149901
ID159_17-2-2023_5.wav;ID159;5;-45.714825;-16.580572;-13.691871;2.5262682;5836.2554;0.5057526
ID160_19-02-2023_5.wav;ID160;5;-57.609264;-17.325714;-13.5939;5.904161;2967.751;1.1730973
ID161_19-2-2023_5.wav;ID161;5;-44.009323;-17.737392;-14.492037;2.2292209;5679.1577;0.45264918
ID162_20-2-2023_5.wav;ID162;5;-46.260155;-16.198238;-14.067556;2.458812;4758.504;0.4880713
ID163_20-2-2023_5.wav;ID163;5;-48.321735;-15.493023;-14.37664;2.0342262;4919.704;0.40207177
ID164_20-02-2023_5.wav;ID164;5;-57.0399;-24.562439;-16.30938;2.0723379;1541.4865;0.4094022
ID165_20-02-2023_5.wav;ID165;5;-71.86528;-25.366652;-18.115204;0.59207624;1051.7562;0.12053486
ID166_20-02-2023_5.wav;ID166;5;-70.56464;-21.788588;-17.069454;1.019613;1213.3849;0.20649283
ID167_20-02-2023_5.wav;ID167;5;-68.920296;-23.427134;-17.609987;1.2851405;972.06195;0.25139827
ID168_20-02-2023_5.wav;ID168;5;-71.0686;-23.331848;-18.17486;0.6203668;1218.2949;0.121812366
ID169_20-02-2023_5.wav;ID169;5;-69.24102;-21.875015;-16.921171;1.5483991;1273.6919;0.30198044
ID170_20-02-2023_5.wav;ID170;5;-60.1003;-21.19572;-16.796698;3.0717092;1209.3748;0.60398966
ID171_20-02-2023_5.wav;ID171;5;-70.43264;-23.114193;-17.774027;1.0204955;1117.3981;0.19876482
ID172_20-02-2023_5.wav;ID172;5;-68.73862;-25.332579;-18.104391;0.7735366;1046.5663;0.15360385
ID173_06-03-2023_5.wav;ID173;5;-66.63886;-24.386086;-16.925602;0.7325226;1399.7498;0.14355752
ID174_06-03-2023_5.wav;ID174;5;-71.643906;-21.601313;-17.430777;0.999828;1093.3976;0.1826012
ID175_07-03-2023_5.wav;ID175;5;-69.45731;-24.158384;-16.634026;1.0224346;1072.3163;0.20272915
ID176_07-03-2023_5.wav;ID176;5;-65.44149;-25.53371;-17.840818;1.264063;1135.9562;0.2482345
ID177_07-03-2023_5.wav;ID177;5;-68.545456;-23.773304;-16.202772;1.5157547;1198.5118;0.30299804
ID178_07-03-2023_5.wav;ID178;5;-69.655334;-26.185825;-17.452555;0.55016077;1196.9138;0.11092219
ID179_07-03-2023_5.wav;ID179;5;-70.678474;-23.778608;-17.850803;0.7643645;1283.9657;0.152752
ID180_07-03-2023_5.wav;ID180;5;-69.62809;-24.590769;-17.487015;0.75584894;1207.6881;0.14870004
ID181_07-03-2023_5.wav;ID181;5;-68.22341;-22.789253;-16.104912;1.399967;1501.949;0.27786523
ID182_07-03-2023_5.wav;ID182;5;-71.23025;-23.4673;-17.221577;0.8007633;985.12726;0.15805332
